Dupont,Jean,5/15/1975 12:00:00 AM,123 rue de la République,jean.dupont@example.com,1234,1234,1/1/2000 12:00:00 AM,Directeur General,10000
Durand,Marie,8/20/1980 12:00:00 AM,456 avenue des Champs-Élysées,marie.durand@example.com,9876,9876,3/15/2005 12:00:00 AM,Directrice Commerciale,9000
Lefevre,Pierre,12/10/1978 12:00:00 AM,789 rue du Faubourg,pierre.lefevre@example.com,2345,2345,7/20/2003 12:00:00 AM,Directeur des Operations,9500
Michelle,Sophie,3/25/1976 12:00:00 AM,1010 boulevard Haussmann,sophie.martin@example.com,3456,3456,9/10/2001 12:00:00 AM,Directrice Financiere,9200
Dubois,Isabelle,9/5/1977 12:00:00 AM,202 chemin des Alouettes,isabelle.dubois@example.com,4567,4567,5/25/2004 12:00:00 AM,Directrice RH,8800
Mazen,Holland,4/8/1990 12:00:00 AM,11 rue des Lilas,thomas.moreau@example.com,5678,5678,2/12/2010 12:00:00 AM,Commercial,7500
Garcia,Julie,6/18/1992 12:00:00 AM,22 avenue du Soleil,julie.garcia@example.com,6789,6789,8/21/2012 12:00:00 AM,Commercial,7400
Roux,Antoine,10/30/1985 12:00:00 AM,33 route de la Plage,antoine.roux@example.com,7890,7890,10/5/2008 12:00:00 AM,Chef d'Equipe,8200
Bonnefoy,Emma,7/15/1987 12:00:00 AM,44 chemin du Bois,emma.bonnefoy@example.com,89012,89012,12/18/2009 12:00:00 AM,Chef d'Equipe,8100
Girard,Luc,1/3/1979 12:00:00 AM,55 rue de la Fontaine,luc.girard@example.com,9012,9012,11/30/2002 12:00:00 AM,Formation,7800
Fernandez,Luis,11/20/1983 12:00:00 AM,66 avenue des Roses,luis.fernandez@example.com,1230,1230,6/9/2006 12:00:00 AM,Contrats,8300
Petit,Sophie,5/12/1981 12:00:00 AM,77 impasse des Mûriers,sophie.petit@example.com,2309,2309,4/15/2007 12:00:00 AM,Direction Comptable,8700
Andre,Paul,8/28/1984 12:00:00 AM,88 avenue de la Libération,paul.andre@example.com,3409,3409,8/2/2005 12:00:00 AM,Controleur de Gestion,8400
Lecomte,Marie,2/17/1982 12:00:00 AM,99 rue du Pont,marie.lecomte@example.com,4509,4509,12/3/2006 12:00:00 AM,Comptable,7600
Rodriguez,David,6/7/1986 12:00:00 AM,1001 avenue des Ormes,david.rodriguez@example.com,5609,5609,3/28/2008 12:00:00 AM,Comptable,7500
Dumont,Pierre,3/10/1988 12:00:00 AM,12 rue de la Gare,pierre.dumont@example.com,1234,1234,5/20/2015 12:00:00 AM,Chauffeur,3000
Leroy,Marie,7/15/1990 12:00:00 AM,24 avenue du Lac,marie.leroy@example.com,2345,2345,8/12/2016 12:00:00 AM,Chauffeur,3100
Dubois,Paul,11/25/1985 12:00:00 AM,36 route de la Montagne,paul.dubois@example.com,3456,3456,10/5/2017 12:00:00 AM,Chauffeur,3200
Moreau,Thomas,9/20/1989 12:00:00 AM,60 rue des Roses,thomas.moreau@example.com,5678,5678,6/18/2019 12:00:00 AM,Chauffeur,3400
ahmad,janine,1/1/0001 12:00:00 AM,paris,janine@mail,234,2446,1/1/2024 12:00:00 AM,Chauffeur,3000